{"cameraMode":{"drawMode":0,"name":"Shaded","section":"Shading Mode"},"sceneLighting":false,"audioPlay":false,"sceneViewState":{"m_AlwaysRefresh":false,"showFog":true,"showSkybox":false,"showFlares":true,"showImageEffects":true,"showParticleSystems":true,"showVisualEffectGraphs":true,"m_FxEnabled":true},"in2DMode":false,"pivot":{"x":2.242846727371216,"y":-1.5932958126068116,"z":1.508652687072754},"rotation":{"x":-0.003878052346408367,"y":-0.01761886477470398,"z":-0.0013066724641248584,"w":0.9999160170555115},"size":4.296823978424072,"orthographic":true}