{"cameraMode":{"drawMode":0,"name":"Shaded","section":"Shading Mode"},"sceneLighting":false,"audioPlay":false,"sceneViewState":{"m_AlwaysRefresh":false,"showFog":true,"showSkybox":false,"showFlares":true,"showImageEffects":true,"showParticleSystems":true,"showVisualEffectGraphs":true,"m_FxEnabled":true},"in2DMode":false,"pivot":{"x":108.93000030517578,"y":12.239999771118164,"z":810.4600219726563},"rotation":{"x":0.021569905802607538,"y":0.9434148669242859,"z":-0.32489779591560366,"w":0.06263388693332672},"size":29.779451370239259,"orthographic":false}