{"cameraMode":{"drawMode":0,"name":"Shaded","section":"Shading Mode"},"sceneLighting":false,"audioPlay":false,"sceneViewState":{"m_AlwaysRefresh":false,"showFog":true,"showSkybox":false,"showFlares":true,"showImageEffects":true,"showParticleSystems":true,"showVisualEffectGraphs":true,"m_FxEnabled":true},"in2DMode":false,"pivot":{"x":-0.04830479621887207,"y":0.311552494764328,"z":0.030811071395874025},"rotation":{"x":-0.14536140859127046,"y":-0.811783492565155,"z":0.2311992049217224,"w":-0.5162045955657959},"size":1.1007146835327149,"orthographic":false}