{"cameraMode":{"drawMode":0,"name":"Shaded","section":"Shading Mode"},"sceneLighting":false,"audioPlay":false,"sceneViewState":{"m_AlwaysRefresh":false,"showFog":true,"showSkybox":false,"showFlares":true,"showImageEffects":true,"showParticleSystems":true,"showVisualEffectGraphs":true,"m_FxEnabled":true},"in2DMode":false,"pivot":{"x":102.45697021484375,"y":10.997791290283204,"z":818.6143188476563},"rotation":{"x":0.07619773596525192,"y":0.9021118879318237,"z":-0.17832598090171815,"w":0.38544797897338869},"size":2.530698776245117,"orthographic":false}