{"cameraMode":{"drawMode":0,"name":"Shaded","section":"Shading Mode"},"sceneLighting":false,"audioPlay":false,"sceneViewState":{"m_AlwaysRefresh":false,"showFog":true,"showSkybox":false,"showFlares":true,"showImageEffects":true,"showParticleSystems":true,"showVisualEffectGraphs":true,"m_FxEnabled":true},"in2DMode":false,"pivot":{"x":-0.024630844593048097,"y":0.5087878704071045,"z":-0.2183348536491394},"rotation":{"x":0.4489063322544098,"y":0.2608751654624939,"z":-0.13886098563671113,"w":0.8433145880699158},"size":0.8660253882408142,"orthographic":false}