{"cameraMode":{"drawMode":0,"name":"Shaded","section":"Shading Mode"},"sceneLighting":false,"audioPlay":false,"sceneViewState":{"m_AlwaysRefresh":false,"showFog":true,"showSkybox":false,"showFlares":true,"showImageEffects":true,"showParticleSystems":true,"showVisualEffectGraphs":true,"m_FxEnabled":false},"in2DMode":false,"pivot":{"x":-0.19844818115234376,"y":2.9283742904663088,"z":-0.411440372467041},"rotation":{"x":0.29265615344047549,"y":0.6828224062919617,"z":-0.35028135776519778,"w":0.5704461932182312},"size":3.8556034564971926,"orthographic":false}