{"cameraMode":{"drawMode":0,"name":"Shaded","section":"Shading Mode"},"sceneLighting":true,"audioPlay":false,"sceneViewState":{"m_AlwaysRefresh":false,"showFog":true,"showSkybox":true,"showFlares":true,"showImageEffects":true,"showParticleSystems":true,"showVisualEffectGraphs":true,"m_FxEnabled":true},"in2DMode":false,"pivot":{"x":372.2740173339844,"y":-6.287341594696045,"z":1016.3536376953125},"rotation":{"x":-0.07998407632112503,"y":-0.15044836699962617,"z":0.012217028066515923,"w":-0.9853052496910095},"size":98.75128173828125,"orthographic":false}