{"cameraMode":{"drawMode":0,"name":"Shaded","section":"Shading Mode"},"sceneLighting":true,"audioPlay":false,"sceneViewState":{"m_AlwaysRefresh":false,"showFog":true,"showSkybox":true,"showFlares":true,"showImageEffects":true,"showParticleSystems":true,"showVisualEffectGraphs":true,"m_FxEnabled":true},"in2DMode":false,"pivot":{"x":8.987388610839844,"y":1.912054419517517,"z":2.9776272773742677},"rotation":{"x":0.12513411045074464,"y":-0.8746045827865601,"z":0.3181565999984741,"w":0.34392133355140688},"size":1.3551380634307862,"orthographic":false}