{"cameraMode":{"drawMode":0,"name":"Shaded","section":"Shading Mode"},"sceneLighting":true,"audioPlay":false,"sceneViewState":{"m_AlwaysRefresh":false,"showFog":true,"showSkybox":true,"showFlares":true,"showImageEffects":true,"showParticleSystems":true,"showVisualEffectGraphs":true,"m_FxEnabled":true},"in2DMode":false,"pivot":{"x":12.591710090637207,"y":-1.7317132949829102,"z":3.0584239959716799},"rotation":{"x":0.1799790859222412,"y":0.7261417508125305,"z":-0.20731352269649507,"w":0.630387544631958},"size":13.129459381103516,"orthographic":false}