{"cameraMode":{"drawMode":0,"name":"Shaded","section":"Shading Mode"},"sceneLighting":false,"audioPlay":false,"sceneViewState":{"m_AlwaysRefresh":false,"showFog":true,"showSkybox":false,"showFlares":true,"showImageEffects":true,"showParticleSystems":true,"showVisualEffectGraphs":true,"m_FxEnabled":true},"in2DMode":false,"pivot":{"x":105.47583770751953,"y":12.511224746704102,"z":822.5215454101563},"rotation":{"x":0.18609477579593659,"y":-0.31771183013916018,"z":0.06374207139015198,"w":0.9275580048561096},"size":3.0245602130889894,"orthographic":false}