{"cameraMode":{"drawMode":0,"name":"Shaded","section":"Shading Mode"},"sceneLighting":false,"audioPlay":false,"sceneViewState":{"m_AlwaysRefresh":false,"showFog":true,"showSkybox":false,"showFlares":true,"showImageEffects":true,"showParticleSystems":true,"showVisualEffectGraphs":true,"m_FxEnabled":true},"in2DMode":false,"pivot":{"x":129.88197326660157,"y":11.897014617919922,"z":742.6433715820313},"rotation":{"x":-0.03722754865884781,"y":0.9422475099563599,"z":-0.3134710192680359,"w":-0.11189676076173783},"size":0.31092366576194765,"orthographic":false}