{"cameraMode":{"drawMode":0,"name":"Shaded","section":"Shading Mode"},"sceneLighting":false,"audioPlay":false,"sceneViewState":{"m_AlwaysRefresh":false,"showFog":true,"showSkybox":false,"showFlares":true,"showImageEffects":true,"showParticleSystems":true,"showVisualEffectGraphs":true,"m_FxEnabled":false},"in2DMode":false,"pivot":{"x":-0.11682665348052979,"y":0.3310115337371826,"z":-0.10278519988059998},"rotation":{"x":0.3229021430015564,"y":0.6014631986618042,"z":-0.28940922021865847,"w":0.6709973812103272},"size":0.8906551599502564,"orthographic":false}