{"cameraMode":{"drawMode":0,"name":"Shaded","section":"Shading Mode"},"sceneLighting":false,"audioPlay":false,"sceneViewState":{"m_AlwaysRefresh":false,"showFog":true,"showSkybox":false,"showFlares":true,"showImageEffects":true,"showParticleSystems":true,"showVisualEffectGraphs":true,"m_FxEnabled":true},"in2DMode":false,"pivot":{"x":131.16136169433595,"y":10.778054237365723,"z":741.7811279296875},"rotation":{"x":0.19590416550636292,"y":0.7957711219787598,"z":-0.3356645703315735,"w":0.46443814039230349},"size":0.31636834144592287,"orthographic":false}