{"cameraMode":{"drawMode":0,"name":"Shaded","section":"Shading Mode"},"sceneLighting":false,"audioPlay":false,"sceneViewState":{"m_AlwaysRefresh":false,"showFog":true,"showSkybox":false,"showFlares":true,"showImageEffects":true,"showParticleSystems":true,"showVisualEffectGraphs":true,"m_FxEnabled":true},"in2DMode":false,"pivot":{"x":103.53401184082031,"y":10.97823429107666,"z":822.7045288085938},"rotation":{"x":0.08492491394281388,"y":0.9146439433097839,"z":-0.26439493894577029,"w":0.2937887907028198},"size":0.28263646364212038,"orthographic":false}