{"cameraMode":{"drawMode":0,"name":"Shaded","section":"Shading Mode"},"sceneLighting":false,"audioPlay":false,"sceneViewState":{"m_AlwaysRefresh":false,"showFog":true,"showSkybox":false,"showFlares":true,"showImageEffects":true,"showParticleSystems":true,"showVisualEffectGraphs":true,"m_FxEnabled":true},"in2DMode":false,"pivot":{"x":-0.0077340006828308109,"y":0.3770553171634674,"z":-0.020435810089111329},"rotation":{"x":0.26441091299057009,"y":-0.0146760493516922,"z":0.0026894216425716879,"w":0.9642986059188843},"size":0.7935901284217835,"orthographic":false}