{"cameraMode":{"drawMode":0,"name":"Shaded","section":"Shading Mode"},"sceneLighting":false,"audioPlay":false,"sceneViewState":{"m_AlwaysRefresh":false,"showFog":true,"showSkybox":false,"showFlares":true,"showImageEffects":true,"showParticleSystems":true,"showVisualEffectGraphs":true,"m_FxEnabled":true},"in2DMode":false,"pivot":{"x":105.02793884277344,"y":10.676156997680664,"z":821.0823364257813},"rotation":{"x":0.019431497901678087,"y":0.9783309698104858,"z":-0.10844781994819641,"w":0.17529506981372834},"size":2.311819553375244,"orthographic":false}