{"cameraMode":{"drawMode":0,"name":"Shaded","section":"Shading Mode"},"sceneLighting":false,"audioPlay":false,"sceneViewState":{"m_AlwaysRefresh":false,"showFog":true,"showSkybox":false,"showFlares":true,"showImageEffects":true,"showParticleSystems":true,"showVisualEffectGraphs":true,"m_FxEnabled":true},"in2DMode":false,"pivot":{"x":-0.00363767147064209,"y":-0.0012247562408447266,"z":5.960464477539063e-8},"rotation":{"x":-0.17050902545452119,"y":-0.7752294540405273,"z":0.23856258392333985,"w":-0.5594936609268189},"size":13.917344093322754,"orthographic":false}