{"cameraMode":{"drawMode":0,"name":"Shaded","section":"Shading Mode"},"sceneLighting":false,"audioPlay":false,"sceneViewState":{"m_AlwaysRefresh":false,"showFog":true,"showSkybox":false,"showFlares":true,"showImageEffects":true,"showParticleSystems":true,"showVisualEffectGraphs":true,"m_FxEnabled":true},"in2DMode":false,"pivot":{"x":132.17738342285157,"y":11.534817695617676,"z":746.3826293945313},"rotation":{"x":0.3542001247406006,"y":-0.3975219130516052,"z":0.16978971660137177,"w":0.8292701840400696},"size":0.31636834144592287,"orthographic":false}