{"cameraMode":{"drawMode":0,"name":"Shaded","section":"Shading Mode"},"sceneLighting":false,"audioPlay":false,"sceneViewState":{"m_AlwaysRefresh":false,"showFog":true,"showSkybox":false,"showFlares":true,"showImageEffects":true,"showParticleSystems":true,"showVisualEffectGraphs":true,"m_FxEnabled":true},"in2DMode":false,"pivot":{"x":1.8954330682754517,"y":-3.1680097579956056,"z":-0.42894619703292849},"rotation":{"x":0.40598392486572268,"y":0.5937058925628662,"z":-0.5037892460823059,"w":0.4784218966960907},"size":6.0450639724731449,"orthographic":false}