{"cameraMode":{"drawMode":0,"name":"Shaded","section":"Shading Mode"},"sceneLighting":false,"audioPlay":false,"sceneViewState":{"m_AlwaysRefresh":false,"showFog":true,"showSkybox":false,"showFlares":true,"showImageEffects":true,"showParticleSystems":true,"showVisualEffectGraphs":true,"m_FxEnabled":true},"in2DMode":false,"pivot":{"x":0.4923737049102783,"y":0.7335596084594727,"z":-0.20498740673065186},"rotation":{"x":0.16148774325847627,"y":0.8105364441871643,"z":-0.26290860772132876,"w":0.4978240132331848},"size":2.604158401489258,"orthographic":false}