{"cameraMode":{"drawMode":0,"name":"Shaded","section":"Shading Mode"},"sceneLighting":false,"audioPlay":false,"sceneViewState":{"m_AlwaysRefresh":false,"showFog":true,"showSkybox":false,"showFlares":true,"showImageEffects":true,"showParticleSystems":true,"showVisualEffectGraphs":true,"m_FxEnabled":true},"in2DMode":false,"pivot":{"x":3.3675036430358888,"y":1.4081356525421143,"z":1.7405214309692383},"rotation":{"x":-0.0354837030172348,"y":0.3071800172328949,"z":0.010179324075579644,"w":0.9510202407836914},"size":5.761372089385986,"orthographic":false}