{"cameraMode":{"drawMode":0,"name":"Shaded","section":"Shading Mode"},"sceneLighting":false,"audioPlay":false,"sceneViewState":{"m_AlwaysRefresh":false,"showFog":true,"showSkybox":false,"showFlares":true,"showImageEffects":true,"showParticleSystems":true,"showVisualEffectGraphs":true,"m_FxEnabled":true},"in2DMode":false,"pivot":{"x":129.88197326660157,"y":11.897014617919922,"z":742.6433715820313},"rotation":{"x":0.2811732590198517,"y":0.7186893224716187,"z":-0.44129130244255068,"w":0.45792248845100405},"size":1.2667245864868165,"orthographic":false}