{"cameraMode":{"drawMode":0,"name":"Shaded","section":"Shading Mode"},"sceneLighting":false,"audioPlay":false,"sceneViewState":{"m_AlwaysRefresh":false,"showFog":true,"showSkybox":false,"showFlares":true,"showImageEffects":true,"showParticleSystems":true,"showVisualEffectGraphs":true,"m_FxEnabled":false},"in2DMode":false,"pivot":{"x":-0.11682665348052979,"y":0.32936710119247439,"z":-0.07606256008148194},"rotation":{"x":0.31494593620300295,"y":0.6689162254333496,"z":-0.378113716840744,"w":0.5571267604827881},"size":0.8652848601341248,"orthographic":false}