{"cameraMode":{"drawMode":0,"name":"Shaded","section":"Shading Mode"},"sceneLighting":false,"audioPlay":false,"sceneViewState":{"m_AlwaysRefresh":false,"showFog":true,"showSkybox":false,"showFlares":true,"showImageEffects":true,"showParticleSystems":true,"showVisualEffectGraphs":true,"m_FxEnabled":true},"in2DMode":false,"pivot":{"x":-1.3294906616210938,"y":-0.24846816062927247,"z":-0.05269026756286621},"rotation":{"x":0.21534770727157594,"y":0.530824601650238,"z":-0.14323528110980988,"w":0.8070554733276367},"size":2.8482718467712404,"orthographic":false}