{"cameraMode":{"drawMode":0,"name":"Shaded","section":"Shading Mode"},"sceneLighting":true,"audioPlay":false,"sceneViewState":{"m_AlwaysRefresh":false,"showFog":true,"showSkybox":false,"showFlares":true,"showImageEffects":true,"showParticleSystems":true,"showVisualEffectGraphs":true,"m_FxEnabled":true},"in2DMode":false,"pivot":{"x":-230.89114379882813,"y":0.7190852165222168,"z":-6.123687744140625},"rotation":{"x":-0.00047726993216201663,"y":-0.9951015710830689,"z":0.09883823990821839,"w":-0.00478145107626915},"size":1.086611270904541,"orthographic":false}