{"cameraMode":{"drawMode":0,"name":"Shaded","section":"Shading Mode"},"sceneLighting":false,"audioPlay":false,"sceneViewState":{"m_AlwaysRefresh":false,"showFog":true,"showSkybox":false,"showFlares":true,"showImageEffects":true,"showParticleSystems":true,"showVisualEffectGraphs":true,"m_FxEnabled":true},"in2DMode":false,"pivot":{"x":104.92855834960938,"y":10.745935440063477,"z":821.5371704101563},"rotation":{"x":0.14593082666397096,"y":-0.8147385716438294,"z":0.23286907374858857,"w":0.5105688571929932},"size":3.8267204761505129,"orthographic":false}