{"cameraMode":{"drawMode":0,"name":"Shaded","section":"Shading Mode"},"sceneLighting":false,"audioPlay":false,"sceneViewState":{"m_AlwaysRefresh":false,"showFog":true,"showSkybox":false,"showFlares":true,"showImageEffects":true,"showParticleSystems":true,"showVisualEffectGraphs":true,"m_FxEnabled":true},"in2DMode":false,"pivot":{"x":107.42543029785156,"y":12.992494583129883,"z":812.6146850585938},"rotation":{"x":0.030187144875526429,"y":0.9197167158126831,"z":-0.38469547033309939,"w":0.0721534714102745},"size":2.3304667472839357,"orthographic":false}