{"cameraMode":{"drawMode":0,"name":"Shaded","section":"Shading Mode"},"sceneLighting":false,"audioPlay":false,"sceneViewState":{"m_AlwaysRefresh":false,"showFog":true,"showSkybox":false,"showFlares":true,"showImageEffects":true,"showParticleSystems":true,"showVisualEffectGraphs":true,"m_FxEnabled":true},"in2DMode":false,"pivot":{"x":107.27699279785156,"y":12.200894355773926,"z":814.2320556640625},"rotation":{"x":0.21180911362171174,"y":0.775072455406189,"z":-0.33241990208625796,"w":0.49384212493896487},"size":1.0591669082641602,"orthographic":false}