{"cameraMode":{"drawMode":0,"name":"Shaded","section":"Shading Mode"},"sceneLighting":false,"audioPlay":false,"sceneViewState":{"m_AlwaysRefresh":false,"showFog":true,"showSkybox":false,"showFlares":true,"showImageEffects":true,"showParticleSystems":true,"showVisualEffectGraphs":true,"m_FxEnabled":true},"in2DMode":false,"pivot":{"x":-0.03302359580993652,"y":0.6252890229225159,"z":-0.06973874568939209},"rotation":{"x":0.04759586974978447,"y":-0.9255750775337219,"z":0.12430457025766373,"w":0.3544203042984009},"size":1.4211262464523316,"orthographic":false}