{"cameraMode":{"drawMode":0,"name":"Shaded","section":"Shading Mode"},"sceneLighting":false,"audioPlay":false,"sceneViewState":{"m_AlwaysRefresh":false,"showFog":true,"showSkybox":false,"showFlares":true,"showImageEffects":true,"showParticleSystems":true,"showVisualEffectGraphs":true,"m_FxEnabled":true},"in2DMode":false,"pivot":{"x":130.91000366210938,"y":11.897014617919922,"z":742.4400024414063},"rotation":{"x":0.19590416550636292,"y":0.7957711219787598,"z":-0.3356645703315735,"w":0.46443814039230349},"size":0.8772271871566773,"orthographic":false}